overlap,success_probability,cost
0.9976705585925693,0.8857106333678003,16.93555370670491
